repo_id,repo_name,language,bytes
1392304210,github-insights-analytics,Jupyter Notebook,8271
1391126478,linkedin-job-search-automation,Jupyter Notebook,548969
1350875640,AI-powered-document-intelligence,C,1292946
1350875640,AI-powered-document-intelligence,C++,714155
1350875640,AI-powered-document-intelligence,Roff,53149
1350875640,AI-powered-document-intelligence,Jupyter Notebook,13003
1350875640,AI-powered-document-intelligence,Makefile,10918
1350875640,AI-powered-document-intelligence,CMake,9332
1340357977,India-Crime-Analytics-SQL-Python,Jupyter Notebook,13402
1339934430,YouTube-Channel-Intelligence,Jupyter Notebook,24889
1338830039,Blinkit-Sales-Delivery-Analytics,Jupyter Notebook,1030562
1316622718,Blinkit-Sales-EDA-Python,Jupyter Notebook,2945794
1316557808,amazon-sales-python-eda,Jupyter Notebook,2339078
