repo_id,repo_name,date,views,unique_visitors,clones,unique_cloners
1362261498,Professional-Certifications,2026-09-17,10,2,1,1
1362261498,Professional-Certifications,2026-09-18,0,0,0,0
1362261498,Professional-Certifications,2026-09-19,0,0,0,0
1362261498,Professional-Certifications,2026-09-20,0,0,0,0
1362261498,Professional-Certifications,2026-09-21,0,0,0,0
1362261498,Professional-Certifications,2026-09-22,0,0,1,1
1362261498,Professional-Certifications,2026-09-23,0,0,0,0
1362261498,Professional-Certifications,2026-09-24,8,2,2,2
1362261498,Professional-Certifications,2026-09-25,2,2,1,1
1362261498,Professional-Certifications,2026-09-26,2,1,1,1
1362261498,Professional-Certifications,2026-09-27,4,1,19,12
1362261498,Professional-Certifications,2026-09-28,12,1,1,1
1362261498,Professional-Certifications,2026-09-29,0,0,1,1
1362261498,Professional-Certifications,2026-09-30,0,0,35,22
1392304210,github-insights-analytics,2026-09-17,0,0,0,0
1392304210,github-insights-analytics,2026-09-18,0,0,0,0
1392304210,github-insights-analytics,2026-09-19,0,0,0,0
1392304210,github-insights-analytics,2026-09-20,0,0,0,0
1392304210,github-insights-analytics,2026-09-21,0,0,0,0
1392304210,github-insights-analytics,2026-09-22,0,0,0,0
1392304210,github-insights-analytics,2026-09-23,0,0,0,0
1392304210,github-insights-analytics,2026-09-24,0,0,0,0
1392304210,github-insights-analytics,2026-09-25,0,0,0,0
1392304210,github-insights-analytics,2026-09-26,0,0,0,0
1392304210,github-insights-analytics,2026-09-27,0,0,0,0
1392304210,github-insights-analytics,2026-09-28,4,1,0,0
1392304210,github-insights-analytics,2026-09-29,21,3,18,10
1392304210,github-insights-analytics,2026-09-30,5,1,5,5
1391126478,linkedin-job-search-automation,2026-09-17,0,0,0,0
1391126478,linkedin-job-search-automation,2026-09-18,0,0,0,0
1391126478,linkedin-job-search-automation,2026-09-19,0,0,0,0
1391126478,linkedin-job-search-automation,2026-09-20,0,0,0,0
1391126478,linkedin-job-search-automation,2026-09-21,0,0,0,0
1391126478,linkedin-job-search-automation,2026-09-22,0,0,0,0
1391126478,linkedin-job-search-automation,2026-09-23,0,0,0,0
1391126478,linkedin-job-search-automation,2026-09-24,0,0,0,0
1391126478,linkedin-job-search-automation,2026-09-25,0,0,0,0
1391126478,linkedin-job-search-automation,2026-09-26,0,0,0,0
1391126478,linkedin-job-search-automation,2026-09-27,18,1,31,18
1391126478,linkedin-job-search-automation,2026-09-28,5,2,13,10
1391126478,linkedin-job-search-automation,2026-09-29,8,2,0,0
1391126478,linkedin-job-search-automation,2026-09-30,0,0,2,2
1350875640,AI-powered-document-intelligence,2026-09-17,0,0,0,0
1350875640,AI-powered-document-intelligence,2026-09-18,0,0,0,0
1350875640,AI-powered-document-intelligence,2026-09-19,0,0,1,1
1350875640,AI-powered-document-intelligence,2026-09-20,0,0,0,0
1350875640,AI-powered-document-intelligence,2026-09-21,0,0,0,0
1350875640,AI-powered-document-intelligence,2026-09-22,0,0,1,1
1350875640,AI-powered-document-intelligence,2026-09-23,0,0,7,2
1350875640,AI-powered-document-intelligence,2026-09-24,0,0,1,1
1350875640,AI-powered-document-intelligence,2026-09-25,0,0,1,1
1350875640,AI-powered-document-intelligence,2026-09-26,0,0,3,3
1350875640,AI-powered-document-intelligence,2026-09-27,0,0,0,0
1350875640,AI-powered-document-intelligence,2026-09-28,6,3,1,1
1350875640,AI-powered-document-intelligence,2026-09-29,0,0,1,1
1350875640,AI-powered-document-intelligence,2026-09-30,0,0,0,0
1340357977,India-Crime-Analytics-SQL-Python,2026-09-17,5,1,0,0
1340357977,India-Crime-Analytics-SQL-Python,2026-09-18,0,0,0,0
1340357977,India-Crime-Analytics-SQL-Python,2026-09-19,0,0,0,0
1340357977,India-Crime-Analytics-SQL-Python,2026-09-20,0,0,1,1
1340357977,India-Crime-Analytics-SQL-Python,2026-09-21,0,0,0,0
1340357977,India-Crime-Analytics-SQL-Python,2026-09-22,0,0,3,3
1340357977,India-Crime-Analytics-SQL-Python,2026-09-23,0,0,0,0
1340357977,India-Crime-Analytics-SQL-Python,2026-09-24,15,1,1,1
1340357977,India-Crime-Analytics-SQL-Python,2026-09-25,30,1,0,0
1340357977,India-Crime-Analytics-SQL-Python,2026-09-26,7,3,2,2
1340357977,India-Crime-Analytics-SQL-Python,2026-09-27,30,1,0,0
1340357977,India-Crime-Analytics-SQL-Python,2026-09-28,2,1,1,1
1340357977,India-Crime-Analytics-SQL-Python,2026-09-29,11,2,0,0
1340357977,India-Crime-Analytics-SQL-Python,2026-09-30,0,0,0,0
1339934430,YouTube-Channel-Intelligence,2026-09-17,69,4,5,4
1339934430,YouTube-Channel-Intelligence,2026-09-18,0,0,0,0
1339934430,YouTube-Channel-Intelligence,2026-09-19,2,1,2,1
1339934430,YouTube-Channel-Intelligence,2026-09-20,3,2,2,2
1339934430,YouTube-Channel-Intelligence,2026-09-21,1,1,3,1
1339934430,YouTube-Channel-Intelligence,2026-09-22,0,0,2,2
1339934430,YouTube-Channel-Intelligence,2026-09-23,0,0,0,0
1339934430,YouTube-Channel-Intelligence,2026-09-24,0,0,0,0
1339934430,YouTube-Channel-Intelligence,2026-09-25,1,1,3,3
1339934430,YouTube-Channel-Intelligence,2026-09-26,0,0,1,1
1339934430,YouTube-Channel-Intelligence,2026-09-27,3,2,1,1
1339934430,YouTube-Channel-Intelligence,2026-09-28,45,3,1,1
1339934430,YouTube-Channel-Intelligence,2026-09-29,6,5,0,0
1339934430,YouTube-Channel-Intelligence,2026-09-30,7,1,0,0
1317018286,satyamsatyam1215-cmd,2026-09-17,43,2,0,0
1317018286,satyamsatyam1215-cmd,2026-09-18,0,0,0,0
1317018286,satyamsatyam1215-cmd,2026-09-19,2,1,0,0
1317018286,satyamsatyam1215-cmd,2026-09-20,7,3,2,2
1317018286,satyamsatyam1215-cmd,2026-09-21,2,2,0,0
1317018286,satyamsatyam1215-cmd,2026-09-22,0,0,1,1
1317018286,satyamsatyam1215-cmd,2026-09-23,0,0,0,0
1317018286,satyamsatyam1215-cmd,2026-09-24,0,0,1,1
1317018286,satyamsatyam1215-cmd,2026-09-25,4,1,0,0
1317018286,satyamsatyam1215-cmd,2026-09-26,0,0,2,2
1317018286,satyamsatyam1215-cmd,2026-09-27,2,1,1,1
1317018286,satyamsatyam1215-cmd,2026-09-28,2,1,1,1
1317018286,satyamsatyam1215-cmd,2026-09-29,16,2,0,0
1317018286,satyamsatyam1215-cmd,2026-09-30,0,0,0,0
1341130444,Athletics-Performance-Analytics,2026-09-17,0,0,0,0
1341130444,Athletics-Performance-Analytics,2026-09-18,0,0,0,0
1341130444,Athletics-Performance-Analytics,2026-09-19,0,0,0,0
1341130444,Athletics-Performance-Analytics,2026-09-20,0,0,0,0
1341130444,Athletics-Performance-Analytics,2026-09-21,0,0,0,0
1341130444,Athletics-Performance-Analytics,2026-09-22,0,0,0,0
1341130444,Athletics-Performance-Analytics,2026-09-23,0,0,0,0
1341130444,Athletics-Performance-Analytics,2026-09-24,0,0,0,0
1341130444,Athletics-Performance-Analytics,2026-09-25,1,1,0,0
1341130444,Athletics-Performance-Analytics,2026-09-26,0,0,0,0
1341130444,Athletics-Performance-Analytics,2026-09-27,0,0,0,0
1341130444,Athletics-Performance-Analytics,2026-09-28,4,3,0,0
1341130444,Athletics-Performance-Analytics,2026-09-29,1,1,0,0
1341130444,Athletics-Performance-Analytics,2026-09-30,0,0,0,0
1340356750,Car-Data-Analytics-Python,2026-09-17,0,0,0,0
1340356750,Car-Data-Analytics-Python,2026-09-18,0,0,0,0
1340356750,Car-Data-Analytics-Python,2026-09-19,0,0,0,0
1340356750,Car-Data-Analytics-Python,2026-09-20,0,0,0,0
1340356750,Car-Data-Analytics-Python,2026-09-21,0,0,0,0
1340356750,Car-Data-Analytics-Python,2026-09-22,0,0,0,0
1340356750,Car-Data-Analytics-Python,2026-09-23,0,0,0,0
1340356750,Car-Data-Analytics-Python,2026-09-24,0,0,0,0
1340356750,Car-Data-Analytics-Python,2026-09-25,1,1,0,0
1340356750,Car-Data-Analytics-Python,2026-09-26,0,0,0,0
1340356750,Car-Data-Analytics-Python,2026-09-27,0,0,0,0
1340356750,Car-Data-Analytics-Python,2026-09-28,5,3,0,0
1340356750,Car-Data-Analytics-Python,2026-09-29,2,1,0,0
1340356750,Car-Data-Analytics-Python,2026-09-30,0,0,0,0
1339969311,Flipkart-SQL-Looker-Analytics,2026-09-17,0,0,0,0
1339969311,Flipkart-SQL-Looker-Analytics,2026-09-18,0,0,0,0
1339969311,Flipkart-SQL-Looker-Analytics,2026-09-19,0,0,0,0
1339969311,Flipkart-SQL-Looker-Analytics,2026-09-20,0,0,0,0
1339969311,Flipkart-SQL-Looker-Analytics,2026-09-21,0,0,0,0
1339969311,Flipkart-SQL-Looker-Analytics,2026-09-22,0,0,0,0
1339969311,Flipkart-SQL-Looker-Analytics,2026-09-23,0,0,0,0
1339969311,Flipkart-SQL-Looker-Analytics,2026-09-24,0,0,0,0
1339969311,Flipkart-SQL-Looker-Analytics,2026-09-25,1,1,0,0
1339969311,Flipkart-SQL-Looker-Analytics,2026-09-26,0,0,0,0
1339969311,Flipkart-SQL-Looker-Analytics,2026-09-27,0,0,0,0
1339969311,Flipkart-SQL-Looker-Analytics,2026-09-28,1,1,0,0
1339969311,Flipkart-SQL-Looker-Analytics,2026-09-29,1,1,0,0
1339969311,Flipkart-SQL-Looker-Analytics,2026-09-30,0,0,0,0
1339940976,Video-Game-Sales-Analytics,2026-09-17,0,0,0,0
1339940976,Video-Game-Sales-Analytics,2026-09-18,0,0,0,0
1339940976,Video-Game-Sales-Analytics,2026-09-19,0,0,0,0
1339940976,Video-Game-Sales-Analytics,2026-09-20,0,0,0,0
1339940976,Video-Game-Sales-Analytics,2026-09-21,0,0,0,0
1339940976,Video-Game-Sales-Analytics,2026-09-22,0,0,0,0
1339940976,Video-Game-Sales-Analytics,2026-09-23,0,0,0,0
1339940976,Video-Game-Sales-Analytics,2026-09-24,0,0,0,0
1339940976,Video-Game-Sales-Analytics,2026-09-25,0,0,0,0
1339940976,Video-Game-Sales-Analytics,2026-09-26,0,0,0,0
1339940976,Video-Game-Sales-Analytics,2026-09-27,5,1,0,0
1339940976,Video-Game-Sales-Analytics,2026-09-28,2,2,0,0
1339940976,Video-Game-Sales-Analytics,2026-09-29,1,1,0,0
1339940976,Video-Game-Sales-Analytics,2026-09-30,0,0,0,0
1338830039,Blinkit-Sales-Delivery-Analytics,2026-09-17,1,1,1,1
1338830039,Blinkit-Sales-Delivery-Analytics,2026-09-18,0,0,0,0
1338830039,Blinkit-Sales-Delivery-Analytics,2026-09-19,0,0,0,0
1338830039,Blinkit-Sales-Delivery-Analytics,2026-09-20,1,1,1,1
1338830039,Blinkit-Sales-Delivery-Analytics,2026-09-21,0,0,0,0
1338830039,Blinkit-Sales-Delivery-Analytics,2026-09-22,6,1,2,2
1338830039,Blinkit-Sales-Delivery-Analytics,2026-09-23,0,0,0,0
1338830039,Blinkit-Sales-Delivery-Analytics,2026-09-24,0,0,1,1
1338830039,Blinkit-Sales-Delivery-Analytics,2026-09-25,0,0,0,0
1338830039,Blinkit-Sales-Delivery-Analytics,2026-09-26,0,0,2,2
1338830039,Blinkit-Sales-Delivery-Analytics,2026-09-27,0,0,0,0
1338830039,Blinkit-Sales-Delivery-Analytics,2026-09-28,11,3,2,2
1338830039,Blinkit-Sales-Delivery-Analytics,2026-09-29,2,2,0,0
1338830039,Blinkit-Sales-Delivery-Analytics,2026-09-30,0,0,0,0
1336272636,T-series-youtube-analytics,2026-09-17,1,1,1,1
1336272636,T-series-youtube-analytics,2026-09-18,0,0,0,0
1336272636,T-series-youtube-analytics,2026-09-19,0,0,0,0
1336272636,T-series-youtube-analytics,2026-09-20,0,0,1,1
1336272636,T-series-youtube-analytics,2026-09-21,0,0,0,0
1336272636,T-series-youtube-analytics,2026-09-22,1,1,2,2
1336272636,T-series-youtube-analytics,2026-09-23,0,0,0,0
1336272636,T-series-youtube-analytics,2026-09-24,0,0,0,0
1336272636,T-series-youtube-analytics,2026-09-25,0,0,0,0
1336272636,T-series-youtube-analytics,2026-09-26,0,0,3,3
1336272636,T-series-youtube-analytics,2026-09-27,0,0,1,1
1336272636,T-series-youtube-analytics,2026-09-28,7,1,1,1
1336272636,T-series-youtube-analytics,2026-09-29,1,1,2,2
1336272636,T-series-youtube-analytics,2026-09-30,0,0,0,0
1316938239,Ola-Ride-Booking-PowerBI-Dashboard,2026-09-17,6,3,1,1
1316938239,Ola-Ride-Booking-PowerBI-Dashboard,2026-09-18,0,0,1,1
1316938239,Ola-Ride-Booking-PowerBI-Dashboard,2026-09-19,0,0,1,1
1316938239,Ola-Ride-Booking-PowerBI-Dashboard,2026-09-20,0,0,2,2
1316938239,Ola-Ride-Booking-PowerBI-Dashboard,2026-09-21,0,0,0,0
1316938239,Ola-Ride-Booking-PowerBI-Dashboard,2026-09-22,0,0,1,1
1316938239,Ola-Ride-Booking-PowerBI-Dashboard,2026-09-23,3,1,0,0
1316938239,Ola-Ride-Booking-PowerBI-Dashboard,2026-09-24,5,1,0,0
1316938239,Ola-Ride-Booking-PowerBI-Dashboard,2026-09-25,3,1,1,1
1316938239,Ola-Ride-Booking-PowerBI-Dashboard,2026-09-26,4,2,2,2
1316938239,Ola-Ride-Booking-PowerBI-Dashboard,2026-09-27,0,0,1,1
1316938239,Ola-Ride-Booking-PowerBI-Dashboard,2026-09-28,10,3,1,1
1316938239,Ola-Ride-Booking-PowerBI-Dashboard,2026-09-29,20,3,1,1
1316938239,Ola-Ride-Booking-PowerBI-Dashboard,2026-09-30,0,0,0,0
1316622718,Blinkit-Sales-EDA-Python,2026-09-17,0,0,0,0
1316622718,Blinkit-Sales-EDA-Python,2026-09-18,0,0,0,0
1316622718,Blinkit-Sales-EDA-Python,2026-09-19,0,0,0,0
1316622718,Blinkit-Sales-EDA-Python,2026-09-20,0,0,1,1
1316622718,Blinkit-Sales-EDA-Python,2026-09-21,0,0,0,0
1316622718,Blinkit-Sales-EDA-Python,2026-09-22,0,0,2,2
1316622718,Blinkit-Sales-EDA-Python,2026-09-23,0,0,0,0
1316622718,Blinkit-Sales-EDA-Python,2026-09-24,1,1,0,0
1316622718,Blinkit-Sales-EDA-Python,2026-09-25,0,0,0,0
1316622718,Blinkit-Sales-EDA-Python,2026-09-26,0,0,2,2
1316622718,Blinkit-Sales-EDA-Python,2026-09-27,0,0,2,2
1316622718,Blinkit-Sales-EDA-Python,2026-09-28,0,0,1,1
1316622718,Blinkit-Sales-EDA-Python,2026-09-29,1,1,0,0
1316622718,Blinkit-Sales-EDA-Python,2026-09-30,0,0,0,0
1316557808,amazon-sales-python-eda,2026-09-17,3,2,2,2
1316557808,amazon-sales-python-eda,2026-09-18,0,0,0,0
1316557808,amazon-sales-python-eda,2026-09-19,0,0,1,1
1316557808,amazon-sales-python-eda,2026-09-20,1,1,2,2
1316557808,amazon-sales-python-eda,2026-09-21,0,0,0,0
1316557808,amazon-sales-python-eda,2026-09-22,0,0,1,1
1316557808,amazon-sales-python-eda,2026-09-23,0,0,0,0
1316557808,amazon-sales-python-eda,2026-09-24,0,0,1,1
1316557808,amazon-sales-python-eda,2026-09-25,0,0,2,2
1316557808,amazon-sales-python-eda,2026-09-26,0,0,1,1
1316557808,amazon-sales-python-eda,2026-09-27,47,1,0,0
1316557808,amazon-sales-python-eda,2026-09-28,0,0,1,1
1316557808,amazon-sales-python-eda,2026-09-29,3,2,0,0
1316557808,amazon-sales-python-eda,2026-09-30,0,0,0,0
1317338150,amazon-sales-powerbi-dashboard,2026-09-17,0,0,0,0
1317338150,amazon-sales-powerbi-dashboard,2026-09-18,0,0,0,0
1317338150,amazon-sales-powerbi-dashboard,2026-09-19,0,0,1,1
1317338150,amazon-sales-powerbi-dashboard,2026-09-20,0,0,2,2
1317338150,amazon-sales-powerbi-dashboard,2026-09-21,0,0,0,0
1317338150,amazon-sales-powerbi-dashboard,2026-09-22,0,0,2,2
1317338150,amazon-sales-powerbi-dashboard,2026-09-23,0,0,0,0
1317338150,amazon-sales-powerbi-dashboard,2026-09-24,3,1,1,1
1317338150,amazon-sales-powerbi-dashboard,2026-09-25,0,0,0,0
1317338150,amazon-sales-powerbi-dashboard,2026-09-26,3,1,1,1
1317338150,amazon-sales-powerbi-dashboard,2026-09-27,0,0,0,0
1317338150,amazon-sales-powerbi-dashboard,2026-09-28,6,3,1,1
1317338150,amazon-sales-powerbi-dashboard,2026-09-29,3,2,0,0
1317338150,amazon-sales-powerbi-dashboard,2026-09-30,0,0,0,0
1317359715,healthcare-dashboard-powerbi,2026-09-17,1,1,1,1
1317359715,healthcare-dashboard-powerbi,2026-09-18,0,0,0,0
1317359715,healthcare-dashboard-powerbi,2026-09-19,0,0,0,0
1317359715,healthcare-dashboard-powerbi,2026-09-20,3,1,1,1
1317359715,healthcare-dashboard-powerbi,2026-09-21,0,0,1,1
1317359715,healthcare-dashboard-powerbi,2026-09-22,0,0,1,1
1317359715,healthcare-dashboard-powerbi,2026-09-23,0,0,0,0
1317359715,healthcare-dashboard-powerbi,2026-09-24,3,1,1,1
1317359715,healthcare-dashboard-powerbi,2026-09-25,0,0,1,1
1317359715,healthcare-dashboard-powerbi,2026-09-26,0,0,2,2
1317359715,healthcare-dashboard-powerbi,2026-09-27,0,0,0,0
1317359715,healthcare-dashboard-powerbi,2026-09-28,0,0,1,1
1317359715,healthcare-dashboard-powerbi,2026-09-29,2,2,1,1
1317359715,healthcare-dashboard-powerbi,2026-09-30,0,0,0,0
